event_id,lead_id,stage,stage_date,revenue
EVT000001,L00001,Lead,2025-03-25,0.0
EVT000002,L00001,Lost,2025-04-04,0.0
EVT000003,L00002,Lead,2025-06-11,0.0
EVT000004,L00002,MQL,2025-06-24,0.0
EVT000005,L00002,Lost,2025-07-13,0.0
EVT000006,L00003,Lead,2025-04-10,0.0
EVT000007,L00003,MQL,2025-04-14,0.0
EVT000008,L00003,SQL,2025-04-18,0.0
EVT000009,L00003,Customer,2025-05-05,6804.92
EVT000010,L00004,Lead,2025-06-02,0.0
EVT000011,L00004,Lost,2025-06-07,0.0
EVT000012,L00005,Lead,2025-04-29,0.0
EVT000013,L00005,MQL,2025-05-08,0.0
EVT000014,L00005,Lost,2025-05-22,0.0
EVT000015,L00006,Lead,2025-01-15,0.0
EVT000016,L00006,Lost,2025-01-30,0.0
EVT000017,L00007,Lead,2025-04-09,0.0
EVT000018,L00007,Lost,2025-04-25,0.0
EVT000019,L00008,Lead,2025-05-10,0.0
EVT000020,L00008,MQL,2025-05-19,0.0
EVT000021,L00008,SQL,2025-06-05,0.0
EVT000022,L00008,Lost,2025-07-09,0.0
EVT000023,L00009,Lead,2025-04-17,0.0
EVT000024,L00009,MQL,2025-04-28,0.0
EVT000025,L00009,Lost,2025-05-04,0.0
EVT000026,L00010,Lead,2025-05-02,0.0
EVT000027,L00010,Lost,2025-05-10,0.0
EVT000028,L00011,Lead,2025-01-07,0.0
EVT000029,L00011,Lost,2025-01-23,0.0
EVT000030,L00012,Lead,2025-03-10,0.0
EVT000031,L00012,MQL,2025-03-15,0.0
EVT000032,L00012,Lost,2025-03-24,0.0
EVT000033,L00013,Lead,2025-05-05,0.0
EVT000034,L00013,Lost,2025-05-24,0.0
EVT000035,L00014,Lead,2025-01-22,0.0
EVT000036,L00014,Lost,2025-02-11,0.0
EVT000037,L00015,Lead,2025-04-13,0.0
EVT000038,L00015,Lost,2025-04-18,0.0
EVT000039,L00016,Lead,2025-03-24,0.0
EVT000040,L00016,Lost,2025-04-11,0.0
EVT000041,L00017,Lead,2025-06-17,0.0
EVT000042,L00017,Lost,2025-07-07,0.0
EVT000043,L00018,Lead,2025-06-18,0.0
EVT000044,L00018,MQL,2025-07-01,0.0
EVT000045,L00018,Lost,2025-07-10,0.0
EVT000046,L00019,Lead,2025-05-31,0.0
EVT000047,L00019,Lost,2025-06-06,0.0
EVT000048,L00020,Lead,2025-02-02,0.0
EVT000049,L00020,Lost,2025-02-17,0.0
EVT000050,L00021,Lead,2025-06-29,0.0
EVT000051,L00021,MQL,2025-07-07,0.0
EVT000052,L00021,Lost,2025-07-14,0.0
EVT000053,L00022,Lead,2025-05-17,0.0
EVT000054,L00022,MQL,2025-05-30,0.0
EVT000055,L00022,Lost,2025-06-10,0.0
EVT000056,L00023,Lead,2025-03-07,0.0
EVT000057,L00023,Lost,2025-03-22,0.0
EVT000058,L00024,Lead,2025-01-19,0.0
EVT000059,L00024,MQL,2025-01-27,0.0
EVT000060,L00024,SQL,2025-02-13,0.0
EVT000061,L00024,Lost,2025-03-20,0.0
EVT000062,L00025,Lead,2025-06-18,0.0
EVT000063,L00025,Lost,2025-06-30,0.0
EVT000064,L00026,Lead,2025-03-26,0.0
EVT000065,L00026,Lost,2025-04-04,0.0
EVT000066,L00027,Lead,2025-02-27,0.0
EVT000067,L00027,MQL,2025-03-04,0.0
EVT000068,L00027,SQL,2025-03-09,0.0
EVT000069,L00027,Lost,2025-04-04,0.0
EVT000070,L00028,Lead,2025-03-16,0.0
EVT000071,L00028,MQL,2025-03-26,0.0
EVT000072,L00028,SQL,2025-04-09,0.0
EVT000073,L00028,Lost,2025-05-09,0.0
EVT000074,L00029,Lead,2025-04-23,0.0
EVT000075,L00029,Lost,2025-05-09,0.0
EVT000076,L00030,Lead,2025-03-08,0.0
EVT000077,L00030,Lost,2025-03-11,0.0
EVT000078,L00031,Lead,2025-04-10,0.0
EVT000079,L00031,Lost,2025-04-24,0.0
EVT000080,L00032,Lead,2025-02-01,0.0
EVT000081,L00032,MQL,2025-02-07,0.0
EVT000082,L00032,Lost,2025-03-03,0.0
EVT000083,L00033,Lead,2025-02-05,0.0
EVT000084,L00033,MQL,2025-02-12,0.0
EVT000085,L00033,SQL,2025-03-04,0.0
EVT000086,L00033,Customer,2025-04-08,4618.12
EVT000087,L00034,Lead,2025-01-06,0.0
EVT000088,L00034,MQL,2025-01-08,0.0
EVT000089,L00034,Lost,2025-01-27,0.0
EVT000090,L00035,Lead,2025-03-01,0.0
EVT000091,L00035,MQL,2025-03-13,0.0
EVT000092,L00035,Lost,2025-03-21,0.0
EVT000093,L00036,Lead,2025-02-24,0.0
EVT000094,L00036,MQL,2025-02-28,0.0
EVT000095,L00036,SQL,2025-03-16,0.0
EVT000096,L00036,Lost,2025-04-05,0.0
EVT000097,L00037,Lead,2025-01-30,0.0
EVT000098,L00037,MQL,2025-02-05,0.0
EVT000099,L00037,SQL,2025-02-22,0.0
EVT000100,L00037,Lost,2025-03-24,0.0
EVT000101,L00038,Lead,2025-03-22,0.0
EVT000102,L00038,Lost,2025-03-25,0.0
EVT000103,L00039,Lead,2025-05-23,0.0
EVT000104,L00039,MQL,2025-05-27,0.0
EVT000105,L00039,Lost,2025-06-20,0.0
EVT000106,L00040,Lead,2025-02-28,0.0
EVT000107,L00040,Lost,2025-03-06,0.0
EVT000108,L00041,Lead,2025-05-06,0.0
EVT000109,L00041,MQL,2025-05-09,0.0
EVT000110,L00041,SQL,2025-05-12,0.0
EVT000111,L00041,Customer,2025-05-18,13701.21
EVT000112,L00042,Lead,2025-05-06,0.0
EVT000113,L00042,Lost,2025-05-26,0.0
EVT000114,L00043,Lead,2025-04-30,0.0
EVT000115,L00043,MQL,2025-05-09,0.0
EVT000116,L00043,Lost,2025-05-21,0.0
EVT000117,L00044,Lead,2025-01-30,0.0
EVT000118,L00044,MQL,2025-02-07,0.0
EVT000119,L00044,SQL,2025-02-17,0.0
EVT000120,L00044,Lost,2025-02-27,0.0
EVT000121,L00045,Lead,2025-05-23,0.0
EVT000122,L00045,Lost,2025-05-27,0.0
EVT000123,L00046,Lead,2025-01-08,0.0
EVT000124,L00046,Lost,2025-01-14,0.0
EVT000125,L00047,Lead,2025-03-21,0.0
EVT000126,L00047,Lost,2025-03-27,0.0
EVT000127,L00048,Lead,2025-01-07,0.0
EVT000128,L00048,MQL,2025-01-17,0.0
EVT000129,L00048,SQL,2025-02-04,0.0
EVT000130,L00048,Customer,2025-03-12,15257.39
EVT000131,L00049,Lead,2025-06-04,0.0
EVT000132,L00049,Lost,2025-06-07,0.0
EVT000133,L00050,Lead,2025-01-10,0.0
EVT000134,L00050,MQL,2025-01-24,0.0
EVT000135,L00050,Lost,2025-02-07,0.0
EVT000136,L00051,Lead,2025-05-10,0.0
EVT000137,L00051,MQL,2025-05-13,0.0
EVT000138,L00051,Lost,2025-06-02,0.0
EVT000139,L00052,Lead,2025-01-01,0.0
EVT000140,L00052,MQL,2025-01-10,0.0
EVT000141,L00052,SQL,2025-01-26,0.0
EVT000142,L00052,Lost,2025-02-13,0.0
EVT000143,L00053,Lead,2025-04-15,0.0
EVT000144,L00053,Lost,2025-04-25,0.0
EVT000145,L00054,Lead,2025-05-16,0.0
EVT000146,L00054,Lost,2025-05-25,0.0
EVT000147,L00055,Lead,2025-03-23,0.0
EVT000148,L00055,MQL,2025-03-24,0.0
EVT000149,L00055,SQL,2025-04-03,0.0
EVT000150,L00055,Lost,2025-04-14,0.0
EVT000151,L00056,Lead,2025-06-10,0.0
EVT000152,L00056,Lost,2025-06-14,0.0
EVT000153,L00057,Lead,2025-05-26,0.0
EVT000154,L00057,Lost,2025-06-05,0.0
EVT000155,L00058,Lead,2025-05-05,0.0
EVT000156,L00058,MQL,2025-05-07,0.0
EVT000157,L00058,SQL,2025-05-09,0.0
EVT000158,L00058,Lost,2025-06-10,0.0
EVT000159,L00059,Lead,2025-05-11,0.0
EVT000160,L00059,Lost,2025-05-30,0.0
EVT000161,L00060,Lead,2025-04-13,0.0
EVT000162,L00060,MQL,2025-04-20,0.0
EVT000163,L00060,SQL,2025-05-11,0.0
EVT000164,L00060,Lost,2025-05-17,0.0
EVT000165,L00061,Lead,2025-01-24,0.0
EVT000166,L00061,Lost,2025-02-01,0.0
EVT000167,L00062,Lead,2025-02-03,0.0
EVT000168,L00062,MQL,2025-02-10,0.0
EVT000169,L00062,Lost,2025-02-18,0.0
EVT000170,L00063,Lead,2025-05-30,0.0
EVT000171,L00063,MQL,2025-06-12,0.0
EVT000172,L00063,Lost,2025-06-21,0.0
EVT000173,L00064,Lead,2025-02-12,0.0
EVT000174,L00064,MQL,2025-02-18,0.0
EVT000175,L00064,SQL,2025-02-27,0.0
EVT000176,L00064,Lost,2025-03-24,0.0
EVT000177,L00065,Lead,2025-06-18,0.0
EVT000178,L00065,MQL,2025-06-23,0.0
EVT000179,L00065,SQL,2025-07-03,0.0
EVT000180,L00065,Customer,2025-07-14,18728.05
EVT000181,L00066,Lead,2025-05-03,0.0
EVT000182,L00066,MQL,2025-05-13,0.0
EVT000183,L00066,SQL,2025-05-17,0.0
EVT000184,L00066,Customer,2025-06-13,18129.17
EVT000185,L00067,Lead,2025-04-18,0.0
EVT000186,L00067,Lost,2025-05-05,0.0
EVT000187,L00068,Lead,2025-01-30,0.0
EVT000188,L00068,MQL,2025-02-01,0.0
EVT000189,L00068,Lost,2025-02-11,0.0
EVT000190,L00069,Lead,2025-03-03,0.0
EVT000191,L00069,Lost,2025-03-23,0.0
EVT000192,L00070,Lead,2025-02-17,0.0
EVT000193,L00070,Lost,2025-03-03,0.0
EVT000194,L00071,Lead,2025-03-25,0.0
EVT000195,L00071,Lost,2025-03-31,0.0
EVT000196,L00072,Lead,2025-05-31,0.0
EVT000197,L00072,Lost,2025-06-16,0.0
EVT000198,L00073,Lead,2025-03-26,0.0
EVT000199,L00073,Lost,2025-03-29,0.0
EVT000200,L00074,Lead,2025-05-21,0.0
EVT000201,L00074,MQL,2025-06-01,0.0
EVT000202,L00074,Lost,2025-06-09,0.0
EVT000203,L00075,Lead,2025-05-06,0.0
EVT000204,L00075,MQL,2025-05-07,0.0
EVT000205,L00075,Lost,2025-05-22,0.0
EVT000206,L00076,Lead,2025-06-19,0.0
EVT000207,L00076,MQL,2025-06-25,0.0
EVT000208,L00076,Lost,2025-07-09,0.0
EVT000209,L00077,Lead,2025-04-23,0.0
EVT000210,L00077,Lost,2025-05-12,0.0
EVT000211,L00078,Lead,2025-02-15,0.0
EVT000212,L00078,MQL,2025-02-21,0.0
EVT000213,L00078,SQL,2025-03-09,0.0
EVT000214,L00078,Customer,2025-04-19,6076.71
EVT000215,L00079,Lead,2025-01-06,0.0
EVT000216,L00079,MQL,2025-01-13,0.0
EVT000217,L00079,Lost,2025-02-01,0.0
EVT000218,L00080,Lead,2025-05-03,0.0
EVT000219,L00080,Lost,2025-05-16,0.0
EVT000220,L00081,Lead,2025-04-30,0.0
EVT000221,L00081,Lost,2025-05-17,0.0
EVT000222,L00082,Lead,2025-04-13,0.0
EVT000223,L00082,Lost,2025-05-01,0.0
EVT000224,L00083,Lead,2025-03-16,0.0
EVT000225,L00083,MQL,2025-03-20,0.0
EVT000226,L00083,Lost,2025-04-05,0.0
EVT000227,L00084,Lead,2025-06-26,0.0
EVT000228,L00084,MQL,2025-07-01,0.0
EVT000229,L00084,Lost,2025-07-06,0.0
EVT000230,L00085,Lead,2025-01-21,0.0
EVT000231,L00085,MQL,2025-01-27,0.0
EVT000232,L00085,Lost,2025-02-11,0.0
EVT000233,L00086,Lead,2025-02-06,0.0
EVT000234,L00086,MQL,2025-02-16,0.0
EVT000235,L00086,Lost,2025-03-06,0.0
EVT000236,L00087,Lead,2025-04-18,0.0
EVT000237,L00087,MQL,2025-04-27,0.0
EVT000238,L00087,Lost,2025-05-22,0.0
EVT000239,L00088,Lead,2025-01-27,0.0
EVT000240,L00088,Lost,2025-02-14,0.0
EVT000241,L00089,Lead,2025-06-10,0.0
EVT000242,L00089,Lost,2025-06-23,0.0
EVT000243,L00090,Lead,2025-02-27,0.0
EVT000244,L00090,Lost,2025-03-05,0.0
EVT000245,L00091,Lead,2025-04-12,0.0
EVT000246,L00091,Lost,2025-04-24,0.0
EVT000247,L00092,Lead,2025-01-22,0.0
EVT000248,L00092,Lost,2025-01-30,0.0
EVT000249,L00093,Lead,2025-02-21,0.0
EVT000250,L00093,Lost,2025-03-05,0.0
EVT000251,L00094,Lead,2025-04-21,0.0
EVT000252,L00094,Lost,2025-05-06,0.0
EVT000253,L00095,Lead,2025-02-27,0.0
EVT000254,L00095,MQL,2025-03-03,0.0
EVT000255,L00095,SQL,2025-03-06,0.0
EVT000256,L00095,Customer,2025-04-05,13057.32
EVT000257,L00096,Lead,2025-02-19,0.0
EVT000258,L00096,Lost,2025-03-08,0.0
EVT000259,L00097,Lead,2025-05-25,0.0
EVT000260,L00097,Lost,2025-06-05,0.0
EVT000261,L00098,Lead,2025-04-06,0.0
EVT000262,L00098,Lost,2025-04-10,0.0
EVT000263,L00099,Lead,2025-01-08,0.0
EVT000264,L00099,MQL,2025-01-09,0.0
EVT000265,L00099,Lost,2025-01-12,0.0
EVT000266,L00100,Lead,2025-01-29,0.0
EVT000267,L00100,MQL,2025-01-30,0.0
EVT000268,L00100,SQL,2025-02-10,0.0
EVT000269,L00100,Customer,2025-03-11,13611.17
EVT000270,L00101,Lead,2025-01-09,0.0
EVT000271,L00101,MQL,2025-01-11,0.0
EVT000272,L00101,Lost,2025-02-02,0.0
EVT000273,L00102,Lead,2025-06-16,0.0
EVT000274,L00102,MQL,2025-06-21,0.0
EVT000275,L00102,SQL,2025-07-04,0.0
EVT000276,L00102,Lost,2025-08-04,0.0
EVT000277,L00103,Lead,2025-06-12,0.0
EVT000278,L00103,Lost,2025-07-01,0.0
EVT000279,L00104,Lead,2025-03-02,0.0
EVT000280,L00104,MQL,2025-03-11,0.0
EVT000281,L00104,Lost,2025-03-26,0.0
EVT000282,L00105,Lead,2025-04-14,0.0
EVT000283,L00105,MQL,2025-04-24,0.0
EVT000284,L00105,SQL,2025-05-04,0.0
EVT000285,L00105,Lost,2025-05-27,0.0
EVT000286,L00106,Lead,2025-04-06,0.0
EVT000287,L00106,MQL,2025-04-09,0.0
EVT000288,L00106,Lost,2025-05-01,0.0
EVT000289,L00107,Lead,2025-06-06,0.0
EVT000290,L00107,MQL,2025-06-16,0.0
EVT000291,L00107,SQL,2025-06-19,0.0
EVT000292,L00107,Lost,2025-07-06,0.0
EVT000293,L00108,Lead,2025-01-16,0.0
EVT000294,L00108,Lost,2025-01-28,0.0
EVT000295,L00109,Lead,2025-01-01,0.0
EVT000296,L00109,MQL,2025-01-07,0.0
EVT000297,L00109,SQL,2025-01-21,0.0
EVT000298,L00109,Lost,2025-01-30,0.0
EVT000299,L00110,Lead,2025-05-20,0.0
EVT000300,L00110,Lost,2025-06-09,0.0
EVT000301,L00111,Lead,2025-02-01,0.0
EVT000302,L00111,Lost,2025-02-15,0.0
EVT000303,L00112,Lead,2025-06-28,0.0
EVT000304,L00112,Lost,2025-07-15,0.0
EVT000305,L00113,Lead,2025-06-24,0.0
EVT000306,L00113,MQL,2025-06-27,0.0
EVT000307,L00113,Lost,2025-07-18,0.0
EVT000308,L00114,Lead,2025-01-08,0.0
EVT000309,L00114,MQL,2025-01-21,0.0
EVT000310,L00114,SQL,2025-02-05,0.0
EVT000311,L00114,Customer,2025-03-01,5229.75
EVT000312,L00115,Lead,2025-04-16,0.0
EVT000313,L00115,MQL,2025-04-19,0.0
EVT000314,L00115,SQL,2025-05-03,0.0
EVT000315,L00115,Lost,2025-05-18,0.0
EVT000316,L00116,Lead,2025-03-29,0.0
EVT000317,L00116,MQL,2025-04-08,0.0
EVT000318,L00116,Lost,2025-04-17,0.0
EVT000319,L00117,Lead,2025-06-25,0.0
EVT000320,L00117,MQL,2025-07-04,0.0
EVT000321,L00117,Lost,2025-07-07,0.0
EVT000322,L00118,Lead,2025-02-06,0.0
EVT000323,L00118,MQL,2025-02-07,0.0
EVT000324,L00118,SQL,2025-02-21,0.0
EVT000325,L00118,Customer,2025-03-10,17797.41
EVT000326,L00119,Lead,2025-04-23,0.0
EVT000327,L00119,Lost,2025-05-06,0.0
EVT000328,L00120,Lead,2025-05-13,0.0
EVT000329,L00120,MQL,2025-05-16,0.0
EVT000330,L00120,Lost,2025-05-23,0.0
EVT000331,L00121,Lead,2025-01-31,0.0
EVT000332,L00121,Lost,2025-02-05,0.0
EVT000333,L00122,Lead,2025-01-20,0.0
EVT000334,L00122,MQL,2025-01-23,0.0
EVT000335,L00122,Lost,2025-02-09,0.0
EVT000336,L00123,Lead,2025-03-27,0.0
EVT000337,L00123,MQL,2025-04-02,0.0
EVT000338,L00123,Lost,2025-04-19,0.0
EVT000339,L00124,Lead,2025-06-24,0.0
EVT000340,L00124,MQL,2025-07-07,0.0
EVT000341,L00124,SQL,2025-07-17,0.0
EVT000342,L00124,Customer,2025-08-16,6803.08
EVT000343,L00125,Lead,2025-04-25,0.0
EVT000344,L00125,Lost,2025-04-29,0.0
EVT000345,L00126,Lead,2025-04-29,0.0
EVT000346,L00126,Lost,2025-05-19,0.0
EVT000347,L00127,Lead,2025-02-04,0.0
EVT000348,L00127,MQL,2025-02-15,0.0
EVT000349,L00127,SQL,2025-02-23,0.0
EVT000350,L00127,Lost,2025-03-12,0.0
EVT000351,L00128,Lead,2025-02-11,0.0
EVT000352,L00128,Lost,2025-02-17,0.0
EVT000353,L00129,Lead,2025-05-04,0.0
EVT000354,L00129,MQL,2025-05-18,0.0
EVT000355,L00129,Lost,2025-05-24,0.0
EVT000356,L00130,Lead,2025-02-10,0.0
EVT000357,L00130,MQL,2025-02-15,0.0
EVT000358,L00130,SQL,2025-02-27,0.0
EVT000359,L00130,Customer,2025-03-11,11581.48
EVT000360,L00131,Lead,2025-05-07,0.0
EVT000361,L00131,Lost,2025-05-25,0.0
EVT000362,L00132,Lead,2025-01-09,0.0
EVT000363,L00132,Lost,2025-01-17,0.0
EVT000364,L00133,Lead,2025-01-10,0.0
EVT000365,L00133,MQL,2025-01-17,0.0
EVT000366,L00133,SQL,2025-01-25,0.0
EVT000367,L00133,Lost,2025-02-09,0.0
EVT000368,L00134,Lead,2025-01-28,0.0
EVT000369,L00134,Lost,2025-02-10,0.0
EVT000370,L00135,Lead,2025-04-24,0.0
EVT000371,L00135,MQL,2025-04-28,0.0
EVT000372,L00135,Lost,2025-05-18,0.0
EVT000373,L00136,Lead,2025-01-17,0.0
EVT000374,L00136,Lost,2025-02-06,0.0
EVT000375,L00137,Lead,2025-06-25,0.0
EVT000376,L00137,MQL,2025-06-27,0.0
EVT000377,L00137,Lost,2025-07-20,0.0
EVT000378,L00138,Lead,2025-05-30,0.0
EVT000379,L00138,Lost,2025-06-14,0.0
EVT000380,L00139,Lead,2025-05-12,0.0
EVT000381,L00139,Lost,2025-05-22,0.0
EVT000382,L00140,Lead,2025-01-20,0.0
EVT000383,L00140,MQL,2025-01-24,0.0
EVT000384,L00140,SQL,2025-02-02,0.0
EVT000385,L00140,Lost,2025-02-27,0.0
EVT000386,L00141,Lead,2025-04-13,0.0
EVT000387,L00141,MQL,2025-04-20,0.0
EVT000388,L00141,Lost,2025-04-30,0.0
EVT000389,L00142,Lead,2025-03-20,0.0
EVT000390,L00142,MQL,2025-04-03,0.0
EVT000391,L00142,SQL,2025-04-05,0.0
EVT000392,L00142,Customer,2025-04-16,25063.85
EVT000393,L00143,Lead,2025-01-12,0.0
EVT000394,L00143,MQL,2025-01-13,0.0
EVT000395,L00143,SQL,2025-01-22,0.0
EVT000396,L00143,Lost,2025-02-11,0.0
EVT000397,L00144,Lead,2025-06-07,0.0
EVT000398,L00144,Lost,2025-06-16,0.0
EVT000399,L00145,Lead,2025-03-06,0.0
EVT000400,L00145,MQL,2025-03-18,0.0
EVT000401,L00145,Lost,2025-04-01,0.0
EVT000402,L00146,Lead,2025-02-21,0.0
EVT000403,L00146,Lost,2025-03-11,0.0
EVT000404,L00147,Lead,2025-02-12,0.0
EVT000405,L00147,MQL,2025-02-13,0.0
EVT000406,L00147,SQL,2025-02-19,0.0
EVT000407,L00147,Customer,2025-03-02,6867.65
EVT000408,L00148,Lead,2025-04-25,0.0
EVT000409,L00148,MQL,2025-05-06,0.0
EVT000410,L00148,SQL,2025-05-25,0.0
EVT000411,L00148,Lost,2025-06-14,0.0
EVT000412,L00149,Lead,2025-02-05,0.0
EVT000413,L00149,MQL,2025-02-13,0.0
EVT000414,L00149,SQL,2025-02-27,0.0
EVT000415,L00149,Lost,2025-03-21,0.0
EVT000416,L00150,Lead,2025-05-15,0.0
EVT000417,L00150,MQL,2025-05-18,0.0
EVT000418,L00150,Lost,2025-05-25,0.0
EVT000419,L00151,Lead,2025-04-06,0.0
EVT000420,L00151,Lost,2025-04-19,0.0
EVT000421,L00152,Lead,2025-02-28,0.0
EVT000422,L00152,Lost,2025-03-15,0.0
EVT000423,L00153,Lead,2025-02-24,0.0
EVT000424,L00153,MQL,2025-03-03,0.0
EVT000425,L00153,SQL,2025-03-12,0.0
EVT000426,L00153,Customer,2025-03-19,10250.88
EVT000427,L00154,Lead,2025-04-05,0.0
EVT000428,L00154,MQL,2025-04-18,0.0
EVT000429,L00154,Lost,2025-05-04,0.0
EVT000430,L00155,Lead,2025-03-08,0.0
EVT000431,L00155,MQL,2025-03-15,0.0
EVT000432,L00155,Lost,2025-04-09,0.0
EVT000433,L00156,Lead,2025-03-12,0.0
EVT000434,L00156,Lost,2025-03-24,0.0
EVT000435,L00157,Lead,2025-01-11,0.0
EVT000436,L00157,Lost,2025-01-30,0.0
EVT000437,L00158,Lead,2025-05-18,0.0
EVT000438,L00158,MQL,2025-05-26,0.0
EVT000439,L00158,Lost,2025-06-04,0.0
EVT000440,L00159,Lead,2025-03-15,0.0
EVT000441,L00159,Lost,2025-03-22,0.0
EVT000442,L00160,Lead,2025-04-12,0.0
EVT000443,L00160,MQL,2025-04-24,0.0
EVT000444,L00160,SQL,2025-05-03,0.0
EVT000445,L00160,Lost,2025-05-26,0.0
EVT000446,L00161,Lead,2025-01-24,0.0
EVT000447,L00161,Lost,2025-02-09,0.0
EVT000448,L00162,Lead,2025-02-04,0.0
EVT000449,L00162,Lost,2025-02-07,0.0
EVT000450,L00163,Lead,2025-01-28,0.0
EVT000451,L00163,MQL,2025-02-08,0.0
EVT000452,L00163,Lost,2025-02-17,0.0
EVT000453,L00164,Lead,2025-01-26,0.0
EVT000454,L00164,Lost,2025-02-08,0.0
EVT000455,L00165,Lead,2025-02-06,0.0
EVT000456,L00165,Lost,2025-02-20,0.0
EVT000457,L00166,Lead,2025-04-16,0.0
EVT000458,L00166,MQL,2025-04-29,0.0
EVT000459,L00166,Lost,2025-05-10,0.0
EVT000460,L00167,Lead,2025-04-25,0.0
EVT000461,L00167,Lost,2025-05-12,0.0
EVT000462,L00168,Lead,2025-06-12,0.0
EVT000463,L00168,MQL,2025-06-25,0.0
EVT000464,L00168,SQL,2025-07-10,0.0
EVT000465,L00168,Customer,2025-07-26,5982.45
EVT000466,L00169,Lead,2025-02-22,0.0
EVT000467,L00169,Lost,2025-03-05,0.0
EVT000468,L00170,Lead,2025-06-29,0.0
EVT000469,L00170,MQL,2025-06-30,0.0
EVT000470,L00170,SQL,2025-07-05,0.0
EVT000471,L00170,Lost,2025-08-08,0.0
EVT000472,L00171,Lead,2025-06-07,0.0
EVT000473,L00171,MQL,2025-06-11,0.0
EVT000474,L00171,Lost,2025-06-30,0.0
EVT000475,L00172,Lead,2025-04-05,0.0
EVT000476,L00172,MQL,2025-04-16,0.0
EVT000477,L00172,SQL,2025-05-03,0.0
EVT000478,L00172,Lost,2025-05-09,0.0
EVT000479,L00173,Lead,2025-03-11,0.0
EVT000480,L00173,MQL,2025-03-17,0.0
EVT000481,L00173,SQL,2025-04-03,0.0
EVT000482,L00173,Lost,2025-04-21,0.0
EVT000483,L00174,Lead,2025-02-07,0.0
EVT000484,L00174,MQL,2025-02-19,0.0
EVT000485,L00174,Lost,2025-03-02,0.0
EVT000486,L00175,Lead,2025-04-21,0.0
EVT000487,L00175,MQL,2025-05-01,0.0
EVT000488,L00175,Lost,2025-05-24,0.0
EVT000489,L00176,Lead,2025-03-15,0.0
EVT000490,L00176,Lost,2025-04-03,0.0
EVT000491,L00177,Lead,2025-03-04,0.0
EVT000492,L00177,MQL,2025-03-17,0.0
EVT000493,L00177,SQL,2025-03-27,0.0
EVT000494,L00177,Customer,2025-05-03,20336.19
EVT000495,L00178,Lead,2025-02-24,0.0
EVT000496,L00178,MQL,2025-03-06,0.0
EVT000497,L00178,Lost,2025-03-28,0.0
EVT000498,L00179,Lead,2025-02-17,0.0
EVT000499,L00179,Lost,2025-02-25,0.0
EVT000500,L00180,Lead,2025-04-21,0.0
EVT000501,L00180,MQL,2025-04-23,0.0
EVT000502,L00180,Lost,2025-05-15,0.0
EVT000503,L00181,Lead,2025-01-23,0.0
EVT000504,L00181,MQL,2025-01-27,0.0
EVT000505,L00181,SQL,2025-02-08,0.0
EVT000506,L00181,Customer,2025-02-25,25873.55
EVT000507,L00182,Lead,2025-03-19,0.0
EVT000508,L00182,MQL,2025-03-30,0.0
EVT000509,L00182,Lost,2025-04-12,0.0
EVT000510,L00183,Lead,2025-05-04,0.0
EVT000511,L00183,Lost,2025-05-19,0.0
EVT000512,L00184,Lead,2025-01-08,0.0
EVT000513,L00184,Lost,2025-01-15,0.0
EVT000514,L00185,Lead,2025-05-04,0.0
EVT000515,L00185,MQL,2025-05-16,0.0
EVT000516,L00185,Lost,2025-05-22,0.0
EVT000517,L00186,Lead,2025-05-27,0.0
EVT000518,L00186,MQL,2025-05-30,0.0
EVT000519,L00186,SQL,2025-06-03,0.0
EVT000520,L00186,Lost,2025-06-30,0.0
EVT000521,L00187,Lead,2025-01-04,0.0
EVT000522,L00187,MQL,2025-01-11,0.0
EVT000523,L00187,Lost,2025-01-16,0.0
EVT000524,L00188,Lead,2025-05-11,0.0
EVT000525,L00188,MQL,2025-05-22,0.0
EVT000526,L00188,Lost,2025-06-14,0.0
EVT000527,L00189,Lead,2025-05-22,0.0
EVT000528,L00189,Lost,2025-06-07,0.0
EVT000529,L00190,Lead,2025-02-14,0.0
EVT000530,L00190,MQL,2025-02-20,0.0
EVT000531,L00190,SQL,2025-03-12,0.0
EVT000532,L00190,Lost,2025-03-24,0.0
EVT000533,L00191,Lead,2025-01-05,0.0
EVT000534,L00191,Lost,2025-01-24,0.0
EVT000535,L00192,Lead,2025-06-29,0.0
EVT000536,L00192,MQL,2025-07-09,0.0
EVT000537,L00192,SQL,2025-07-27,0.0
EVT000538,L00192,Customer,2025-08-07,9905.62
EVT000539,L00193,Lead,2025-02-15,0.0
EVT000540,L00193,MQL,2025-02-21,0.0
EVT000541,L00193,SQL,2025-03-04,0.0
EVT000542,L00193,Customer,2025-03-23,15255.46
EVT000543,L00194,Lead,2025-02-11,0.0
EVT000544,L00194,MQL,2025-02-22,0.0
EVT000545,L00194,Lost,2025-03-10,0.0
EVT000546,L00195,Lead,2025-03-10,0.0
EVT000547,L00195,MQL,2025-03-19,0.0
EVT000548,L00195,Lost,2025-04-09,0.0
EVT000549,L00196,Lead,2025-06-14,0.0
EVT000550,L00196,MQL,2025-06-27,0.0
EVT000551,L00196,Lost,2025-07-18,0.0
EVT000552,L00197,Lead,2025-01-01,0.0
EVT000553,L00197,MQL,2025-01-12,0.0
EVT000554,L00197,SQL,2025-01-29,0.0
EVT000555,L00197,Lost,2025-02-22,0.0
EVT000556,L00198,Lead,2025-06-29,0.0
EVT000557,L00198,Lost,2025-07-19,0.0
EVT000558,L00199,Lead,2025-04-13,0.0
EVT000559,L00199,Lost,2025-04-20,0.0
EVT000560,L00200,Lead,2025-02-07,0.0
EVT000561,L00200,MQL,2025-02-15,0.0
EVT000562,L00200,SQL,2025-02-23,0.0
EVT000563,L00200,Lost,2025-03-16,0.0
EVT000564,L00201,Lead,2025-04-06,0.0
EVT000565,L00201,MQL,2025-04-14,0.0
EVT000566,L00201,Lost,2025-04-18,0.0
EVT000567,L00202,Lead,2025-03-15,0.0
EVT000568,L00202,Lost,2025-03-22,0.0
EVT000569,L00203,Lead,2025-04-20,0.0
EVT000570,L00203,Lost,2025-05-10,0.0
EVT000571,L00204,Lead,2025-06-30,0.0
EVT000572,L00204,MQL,2025-07-11,0.0
EVT000573,L00204,Lost,2025-07-23,0.0
EVT000574,L00205,Lead,2025-01-29,0.0
EVT000575,L00205,MQL,2025-02-04,0.0
EVT000576,L00205,Lost,2025-02-12,0.0
EVT000577,L00206,Lead,2025-02-27,0.0
EVT000578,L00206,MQL,2025-03-05,0.0
EVT000579,L00206,Lost,2025-03-30,0.0
EVT000580,L00207,Lead,2025-03-21,0.0
EVT000581,L00207,Lost,2025-03-31,0.0
EVT000582,L00208,Lead,2025-03-30,0.0
EVT000583,L00208,MQL,2025-04-02,0.0
EVT000584,L00208,Lost,2025-04-16,0.0
EVT000585,L00209,Lead,2025-02-11,0.0
EVT000586,L00209,MQL,2025-02-21,0.0
EVT000587,L00209,SQL,2025-03-03,0.0
EVT000588,L00209,Lost,2025-03-11,0.0
EVT000589,L00210,Lead,2025-02-22,0.0
EVT000590,L00210,Lost,2025-03-06,0.0
EVT000591,L00211,Lead,2025-06-09,0.0
EVT000592,L00211,MQL,2025-06-12,0.0
EVT000593,L00211,SQL,2025-06-29,0.0
EVT000594,L00211,Lost,2025-07-14,0.0
EVT000595,L00212,Lead,2025-02-27,0.0
EVT000596,L00212,Lost,2025-03-07,0.0
EVT000597,L00213,Lead,2025-04-25,0.0
EVT000598,L00213,MQL,2025-05-01,0.0
EVT000599,L00213,SQL,2025-05-15,0.0
EVT000600,L00213,Lost,2025-05-24,0.0
EVT000601,L00214,Lead,2025-01-26,0.0
EVT000602,L00214,MQL,2025-01-31,0.0
EVT000603,L00214,Lost,2025-02-07,0.0
EVT000604,L00215,Lead,2025-04-21,0.0
EVT000605,L00215,Lost,2025-04-28,0.0
EVT000606,L00216,Lead,2025-02-24,0.0
EVT000607,L00216,Lost,2025-03-12,0.0
EVT000608,L00217,Lead,2025-03-07,0.0
EVT000609,L00217,MQL,2025-03-21,0.0
EVT000610,L00217,Lost,2025-03-28,0.0
EVT000611,L00218,Lead,2025-03-08,0.0
EVT000612,L00218,MQL,2025-03-14,0.0
EVT000613,L00218,SQL,2025-03-29,0.0
EVT000614,L00218,Lost,2025-04-03,0.0
EVT000615,L00219,Lead,2025-01-30,0.0
EVT000616,L00219,MQL,2025-02-02,0.0
EVT000617,L00219,SQL,2025-02-04,0.0
EVT000618,L00219,Lost,2025-03-01,0.0
EVT000619,L00220,Lead,2025-01-27,0.0
EVT000620,L00220,MQL,2025-02-03,0.0
EVT000621,L00220,Lost,2025-02-08,0.0
EVT000622,L00221,Lead,2025-06-06,0.0
EVT000623,L00221,Lost,2025-06-16,0.0
EVT000624,L00222,Lead,2025-04-09,0.0
EVT000625,L00222,MQL,2025-04-21,0.0
EVT000626,L00222,Lost,2025-05-03,0.0
EVT000627,L00223,Lead,2025-03-15,0.0
EVT000628,L00223,MQL,2025-03-23,0.0
EVT000629,L00223,Lost,2025-04-07,0.0
EVT000630,L00224,Lead,2025-03-04,0.0
EVT000631,L00224,MQL,2025-03-17,0.0
EVT000632,L00224,Lost,2025-04-01,0.0
EVT000633,L00225,Lead,2025-01-13,0.0
EVT000634,L00225,MQL,2025-01-25,0.0
EVT000635,L00225,SQL,2025-02-01,0.0
EVT000636,L00225,Customer,2025-02-13,9295.88
EVT000637,L00226,Lead,2025-03-03,0.0
EVT000638,L00226,MQL,2025-03-09,0.0
EVT000639,L00226,SQL,2025-03-12,0.0
EVT000640,L00226,Customer,2025-04-01,5101.2
EVT000641,L00227,Lead,2025-03-06,0.0
EVT000642,L00227,MQL,2025-03-08,0.0
EVT000643,L00227,SQL,2025-03-29,0.0
EVT000644,L00227,Lost,2025-04-29,0.0
EVT000645,L00228,Lead,2025-04-01,0.0
EVT000646,L00228,MQL,2025-04-04,0.0
EVT000647,L00228,SQL,2025-04-23,0.0
EVT000648,L00228,Lost,2025-05-06,0.0
EVT000649,L00229,Lead,2025-03-01,0.0
EVT000650,L00229,Lost,2025-03-09,0.0
EVT000651,L00230,Lead,2025-01-14,0.0
EVT000652,L00230,Lost,2025-01-25,0.0
EVT000653,L00231,Lead,2025-05-03,0.0
EVT000654,L00231,Lost,2025-05-06,0.0
EVT000655,L00232,Lead,2025-02-13,0.0
EVT000656,L00232,Lost,2025-02-27,0.0
EVT000657,L00233,Lead,2025-04-09,0.0
EVT000658,L00233,MQL,2025-04-22,0.0
EVT000659,L00233,Lost,2025-04-26,0.0
EVT000660,L00234,Lead,2025-01-22,0.0
EVT000661,L00234,MQL,2025-02-03,0.0
EVT000662,L00234,SQL,2025-02-05,0.0
EVT000663,L00234,Lost,2025-03-10,0.0
EVT000664,L00235,Lead,2025-06-06,0.0
EVT000665,L00235,MQL,2025-06-16,0.0
EVT000666,L00235,Lost,2025-07-02,0.0
EVT000667,L00236,Lead,2025-06-03,0.0
EVT000668,L00236,MQL,2025-06-04,0.0
EVT000669,L00236,SQL,2025-06-22,0.0
EVT000670,L00236,Lost,2025-07-06,0.0
EVT000671,L00237,Lead,2025-02-12,0.0
EVT000672,L00237,Lost,2025-02-18,0.0
EVT000673,L00238,Lead,2025-05-29,0.0
EVT000674,L00238,MQL,2025-06-03,0.0
EVT000675,L00238,SQL,2025-06-17,0.0
EVT000676,L00238,Customer,2025-06-30,3976.83
EVT000677,L00239,Lead,2025-02-14,0.0
EVT000678,L00239,Lost,2025-03-01,0.0
EVT000679,L00240,Lead,2025-06-22,0.0
EVT000680,L00240,Lost,2025-07-03,0.0
EVT000681,L00241,Lead,2025-03-04,0.0
EVT000682,L00241,MQL,2025-03-10,0.0
EVT000683,L00241,Lost,2025-04-01,0.0
EVT000684,L00242,Lead,2025-05-24,0.0
EVT000685,L00242,Lost,2025-06-01,0.0
EVT000686,L00243,Lead,2025-05-20,0.0
EVT000687,L00243,MQL,2025-05-29,0.0
EVT000688,L00243,Lost,2025-06-14,0.0
EVT000689,L00244,Lead,2025-04-27,0.0
EVT000690,L00244,MQL,2025-04-29,0.0
EVT000691,L00244,Lost,2025-05-18,0.0
EVT000692,L00245,Lead,2025-02-11,0.0
EVT000693,L00245,MQL,2025-02-19,0.0
EVT000694,L00245,SQL,2025-03-06,0.0
EVT000695,L00245,Lost,2025-03-26,0.0
EVT000696,L00246,Lead,2025-06-05,0.0
EVT000697,L00246,MQL,2025-06-12,0.0
EVT000698,L00246,Lost,2025-06-30,0.0
EVT000699,L00247,Lead,2025-04-01,0.0
EVT000700,L00247,Lost,2025-04-07,0.0
EVT000701,L00248,Lead,2025-02-05,0.0
EVT000702,L00248,MQL,2025-02-15,0.0
EVT000703,L00248,SQL,2025-02-19,0.0
EVT000704,L00248,Customer,2025-03-26,14550.37
EVT000705,L00249,Lead,2025-03-23,0.0
EVT000706,L00249,Lost,2025-03-28,0.0
EVT000707,L00250,Lead,2025-02-05,0.0
EVT000708,L00250,MQL,2025-02-11,0.0
EVT000709,L00250,Lost,2025-02-18,0.0
EVT000710,L00251,Lead,2025-02-19,0.0
EVT000711,L00251,MQL,2025-03-01,0.0
EVT000712,L00251,Lost,2025-03-11,0.0
EVT000713,L00252,Lead,2025-06-08,0.0
EVT000714,L00252,MQL,2025-06-22,0.0
EVT000715,L00252,Lost,2025-07-01,0.0
EVT000716,L00253,Lead,2025-01-12,0.0
EVT000717,L00253,MQL,2025-01-26,0.0
EVT000718,L00253,SQL,2025-02-04,0.0
EVT000719,L00253,Lost,2025-02-26,0.0
EVT000720,L00254,Lead,2025-04-13,0.0
EVT000721,L00254,MQL,2025-04-19,0.0
EVT000722,L00254,Lost,2025-05-11,0.0
EVT000723,L00255,Lead,2025-04-18,0.0
EVT000724,L00255,MQL,2025-04-27,0.0
EVT000725,L00255,Lost,2025-05-16,0.0
EVT000726,L00256,Lead,2025-01-04,0.0
EVT000727,L00256,Lost,2025-01-24,0.0
EVT000728,L00257,Lead,2025-01-20,0.0
EVT000729,L00257,Lost,2025-02-03,0.0
EVT000730,L00258,Lead,2025-01-27,0.0
EVT000731,L00258,MQL,2025-02-10,0.0
EVT000732,L00258,SQL,2025-02-14,0.0
EVT000733,L00258,Lost,2025-03-06,0.0
EVT000734,L00259,Lead,2025-02-17,0.0
EVT000735,L00259,MQL,2025-02-22,0.0
EVT000736,L00259,Lost,2025-03-16,0.0
EVT000737,L00260,Lead,2025-06-23,0.0
EVT000738,L00260,MQL,2025-06-25,0.0
EVT000739,L00260,Lost,2025-07-13,0.0
EVT000740,L00261,Lead,2025-01-16,0.0
EVT000741,L00261,Lost,2025-01-30,0.0
EVT000742,L00262,Lead,2025-04-17,0.0
EVT000743,L00262,Lost,2025-04-22,0.0
EVT000744,L00263,Lead,2025-02-23,0.0
EVT000745,L00263,MQL,2025-03-08,0.0
EVT000746,L00263,SQL,2025-03-22,0.0
EVT000747,L00263,Lost,2025-04-19,0.0
EVT000748,L00264,Lead,2025-01-29,0.0
EVT000749,L00264,MQL,2025-02-03,0.0
EVT000750,L00264,Lost,2025-02-23,0.0
EVT000751,L00265,Lead,2025-06-23,0.0
EVT000752,L00265,MQL,2025-07-05,0.0
EVT000753,L00265,SQL,2025-07-17,0.0
EVT000754,L00265,Lost,2025-08-20,0.0
EVT000755,L00266,Lead,2025-01-15,0.0
EVT000756,L00266,Lost,2025-01-30,0.0
EVT000757,L00267,Lead,2025-05-07,0.0
EVT000758,L00267,MQL,2025-05-19,0.0
EVT000759,L00267,Lost,2025-06-03,0.0
EVT000760,L00268,Lead,2025-06-24,0.0
EVT000761,L00268,Lost,2025-06-28,0.0
EVT000762,L00269,Lead,2025-05-23,0.0
EVT000763,L00269,MQL,2025-05-25,0.0
EVT000764,L00269,SQL,2025-05-30,0.0
EVT000765,L00269,Lost,2025-06-16,0.0
EVT000766,L00270,Lead,2025-03-29,0.0
EVT000767,L00270,MQL,2025-04-10,0.0
EVT000768,L00270,Lost,2025-04-16,0.0
EVT000769,L00271,Lead,2025-01-15,0.0
EVT000770,L00271,MQL,2025-01-22,0.0
EVT000771,L00271,SQL,2025-01-28,0.0
EVT000772,L00271,Customer,2025-02-09,4834.35
EVT000773,L00272,Lead,2025-01-14,0.0
EVT000774,L00272,MQL,2025-01-17,0.0
EVT000775,L00272,SQL,2025-02-06,0.0
EVT000776,L00272,Lost,2025-03-05,0.0
EVT000777,L00273,Lead,2025-03-18,0.0
EVT000778,L00273,MQL,2025-03-20,0.0
EVT000779,L00273,Lost,2025-04-12,0.0
EVT000780,L00274,Lead,2025-05-08,0.0
EVT000781,L00274,Lost,2025-05-22,0.0
EVT000782,L00275,Lead,2025-06-11,0.0
EVT000783,L00275,Lost,2025-06-24,0.0
EVT000784,L00276,Lead,2025-04-30,0.0
EVT000785,L00276,Lost,2025-05-11,0.0
EVT000786,L00277,Lead,2025-03-04,0.0
EVT000787,L00277,MQL,2025-03-18,0.0
EVT000788,L00277,Lost,2025-04-12,0.0
EVT000789,L00278,Lead,2025-05-05,0.0
EVT000790,L00278,MQL,2025-05-06,0.0
EVT000791,L00278,Lost,2025-05-09,0.0
EVT000792,L00279,Lead,2025-02-06,0.0
EVT000793,L00279,MQL,2025-02-18,0.0
EVT000794,L00279,Lost,2025-03-08,0.0
EVT000795,L00280,Lead,2025-04-23,0.0
EVT000796,L00280,MQL,2025-05-03,0.0
EVT000797,L00280,Lost,2025-05-14,0.0
EVT000798,L00281,Lead,2025-05-19,0.0
EVT000799,L00281,MQL,2025-05-21,0.0
EVT000800,L00281,SQL,2025-05-26,0.0
EVT000801,L00281,Lost,2025-06-23,0.0
EVT000802,L00282,Lead,2025-04-05,0.0
EVT000803,L00282,MQL,2025-04-06,0.0
EVT000804,L00282,Lost,2025-04-28,0.0
EVT000805,L00283,Lead,2025-05-05,0.0
EVT000806,L00283,Lost,2025-05-21,0.0
EVT000807,L00284,Lead,2025-01-14,0.0
EVT000808,L00284,MQL,2025-01-17,0.0
EVT000809,L00284,SQL,2025-01-28,0.0
EVT000810,L00284,Customer,2025-03-08,20866.93
EVT000811,L00285,Lead,2025-03-27,0.0
EVT000812,L00285,MQL,2025-04-02,0.0
EVT000813,L00285,SQL,2025-04-13,0.0
EVT000814,L00285,Lost,2025-04-24,0.0
EVT000815,L00286,Lead,2025-06-29,0.0
EVT000816,L00286,MQL,2025-07-06,0.0
EVT000817,L00286,Lost,2025-07-10,0.0
EVT000818,L00287,Lead,2025-06-12,0.0
EVT000819,L00287,Lost,2025-06-18,0.0
EVT000820,L00288,Lead,2025-06-06,0.0
EVT000821,L00288,MQL,2025-06-17,0.0
EVT000822,L00288,SQL,2025-06-27,0.0
EVT000823,L00288,Lost,2025-07-24,0.0
EVT000824,L00289,Lead,2025-05-15,0.0
EVT000825,L00289,MQL,2025-05-18,0.0
EVT000826,L00289,SQL,2025-05-26,0.0
EVT000827,L00289,Lost,2025-06-27,0.0
EVT000828,L00290,Lead,2025-01-18,0.0
EVT000829,L00290,Lost,2025-02-01,0.0
EVT000830,L00291,Lead,2025-04-01,0.0
EVT000831,L00291,MQL,2025-04-04,0.0
EVT000832,L00291,SQL,2025-04-23,0.0
EVT000833,L00291,Lost,2025-05-21,0.0
EVT000834,L00292,Lead,2025-01-03,0.0
EVT000835,L00292,Lost,2025-01-12,0.0
EVT000836,L00293,Lead,2025-05-07,0.0
EVT000837,L00293,MQL,2025-05-19,0.0
EVT000838,L00293,SQL,2025-06-08,0.0
EVT000839,L00293,Customer,2025-07-08,14729.62
EVT000840,L00294,Lead,2025-04-05,0.0
EVT000841,L00294,MQL,2025-04-17,0.0
EVT000842,L00294,SQL,2025-05-06,0.0
EVT000843,L00294,Lost,2025-05-28,0.0
EVT000844,L00295,Lead,2025-06-09,0.0
EVT000845,L00295,Lost,2025-06-12,0.0
EVT000846,L00296,Lead,2025-06-08,0.0
EVT000847,L00296,Lost,2025-06-24,0.0
EVT000848,L00297,Lead,2025-01-21,0.0
EVT000849,L00297,MQL,2025-02-04,0.0
EVT000850,L00297,SQL,2025-02-25,0.0
EVT000851,L00297,Lost,2025-03-10,0.0
EVT000852,L00298,Lead,2025-05-31,0.0
EVT000853,L00298,MQL,2025-06-06,0.0
EVT000854,L00298,Lost,2025-06-22,0.0
EVT000855,L00299,Lead,2025-05-20,0.0
EVT000856,L00299,Lost,2025-05-28,0.0
EVT000857,L00300,Lead,2025-06-26,0.0
EVT000858,L00300,Lost,2025-07-09,0.0
EVT000859,L00301,Lead,2025-06-01,0.0
EVT000860,L00301,Lost,2025-06-18,0.0
EVT000861,L00302,Lead,2025-06-18,0.0
EVT000862,L00302,MQL,2025-06-26,0.0
EVT000863,L00302,SQL,2025-07-02,0.0
EVT000864,L00302,Customer,2025-08-12,11771.73
EVT000865,L00303,Lead,2025-02-01,0.0
EVT000866,L00303,Lost,2025-02-15,0.0
EVT000867,L00304,Lead,2025-06-13,0.0
EVT000868,L00304,MQL,2025-06-23,0.0
EVT000869,L00304,SQL,2025-07-01,0.0
EVT000870,L00304,Lost,2025-07-12,0.0
EVT000871,L00305,Lead,2025-03-30,0.0
EVT000872,L00305,MQL,2025-04-03,0.0
EVT000873,L00305,SQL,2025-04-11,0.0
EVT000874,L00305,Lost,2025-05-14,0.0
EVT000875,L00306,Lead,2025-02-19,0.0
EVT000876,L00306,MQL,2025-02-22,0.0
EVT000877,L00306,Lost,2025-03-09,0.0
EVT000878,L00307,Lead,2025-06-22,0.0
EVT000879,L00307,Lost,2025-07-07,0.0
EVT000880,L00308,Lead,2025-02-03,0.0
EVT000881,L00308,MQL,2025-02-07,0.0
EVT000882,L00308,Lost,2025-03-04,0.0
EVT000883,L00309,Lead,2025-01-04,0.0
EVT000884,L00309,Lost,2025-01-23,0.0
EVT000885,L00310,Lead,2025-01-12,0.0
EVT000886,L00310,MQL,2025-01-21,0.0
EVT000887,L00310,SQL,2025-01-23,0.0
EVT000888,L00310,Lost,2025-02-07,0.0
EVT000889,L00311,Lead,2025-02-27,0.0
EVT000890,L00311,MQL,2025-03-05,0.0
EVT000891,L00311,Lost,2025-03-15,0.0
EVT000892,L00312,Lead,2025-01-05,0.0
EVT000893,L00312,Lost,2025-01-17,0.0
EVT000894,L00313,Lead,2025-03-10,0.0
EVT000895,L00313,Lost,2025-03-25,0.0
EVT000896,L00314,Lead,2025-03-19,0.0
EVT000897,L00314,MQL,2025-03-20,0.0
EVT000898,L00314,Lost,2025-04-01,0.0
EVT000899,L00315,Lead,2025-02-28,0.0
EVT000900,L00315,Lost,2025-03-06,0.0
EVT000901,L00316,Lead,2025-05-21,0.0
EVT000902,L00316,Lost,2025-05-27,0.0
EVT000903,L00317,Lead,2025-02-12,0.0
EVT000904,L00317,MQL,2025-02-25,0.0
EVT000905,L00317,Lost,2025-03-19,0.0
EVT000906,L00318,Lead,2025-06-16,0.0
EVT000907,L00318,MQL,2025-06-22,0.0
EVT000908,L00318,SQL,2025-06-25,0.0
EVT000909,L00318,Customer,2025-07-31,11074.97
EVT000910,L00319,Lead,2025-02-03,0.0
EVT000911,L00319,Lost,2025-02-08,0.0
EVT000912,L00320,Lead,2025-03-25,0.0
EVT000913,L00320,MQL,2025-04-03,0.0
EVT000914,L00320,Lost,2025-04-27,0.0
EVT000915,L00321,Lead,2025-04-02,0.0
EVT000916,L00321,Lost,2025-04-18,0.0
EVT000917,L00322,Lead,2025-04-12,0.0
EVT000918,L00322,MQL,2025-04-13,0.0
EVT000919,L00322,SQL,2025-04-29,0.0
EVT000920,L00322,Lost,2025-05-06,0.0
EVT000921,L00323,Lead,2025-05-05,0.0
EVT000922,L00323,MQL,2025-05-17,0.0
EVT000923,L00323,SQL,2025-05-19,0.0
EVT000924,L00323,Lost,2025-05-27,0.0
EVT000925,L00324,Lead,2025-01-31,0.0
EVT000926,L00324,MQL,2025-02-05,0.0
EVT000927,L00324,Lost,2025-02-18,0.0
EVT000928,L00325,Lead,2025-01-12,0.0
EVT000929,L00325,MQL,2025-01-16,0.0
EVT000930,L00325,Lost,2025-02-10,0.0
EVT000931,L00326,Lead,2025-03-25,0.0
EVT000932,L00326,MQL,2025-04-03,0.0
EVT000933,L00326,Lost,2025-04-20,0.0
EVT000934,L00327,Lead,2025-01-01,0.0
EVT000935,L00327,Lost,2025-01-09,0.0
EVT000936,L00328,Lead,2025-02-01,0.0
EVT000937,L00328,Lost,2025-02-16,0.0
EVT000938,L00329,Lead,2025-05-14,0.0
EVT000939,L00329,Lost,2025-06-03,0.0
EVT000940,L00330,Lead,2025-05-05,0.0
EVT000941,L00330,Lost,2025-05-24,0.0
EVT000942,L00331,Lead,2025-02-23,0.0
EVT000943,L00331,Lost,2025-03-05,0.0
EVT000944,L00332,Lead,2025-06-05,0.0
EVT000945,L00332,Lost,2025-06-25,0.0
EVT000946,L00333,Lead,2025-01-28,0.0
EVT000947,L00333,MQL,2025-02-09,0.0
EVT000948,L00333,Lost,2025-02-21,0.0
EVT000949,L00334,Lead,2025-02-06,0.0
EVT000950,L00334,Lost,2025-02-21,0.0
EVT000951,L00335,Lead,2025-01-04,0.0
EVT000952,L00335,MQL,2025-01-10,0.0
EVT000953,L00335,Lost,2025-02-01,0.0
EVT000954,L00336,Lead,2025-03-10,0.0
EVT000955,L00336,MQL,2025-03-23,0.0
EVT000956,L00336,SQL,2025-04-03,0.0
EVT000957,L00336,Customer,2025-04-27,10078.71
EVT000958,L00337,Lead,2025-06-01,0.0
EVT000959,L00337,Lost,2025-06-17,0.0
EVT000960,L00338,Lead,2025-01-13,0.0
EVT000961,L00338,MQL,2025-01-19,0.0
EVT000962,L00338,SQL,2025-02-02,0.0
EVT000963,L00338,Lost,2025-03-01,0.0
EVT000964,L00339,Lead,2025-06-16,0.0
EVT000965,L00339,Lost,2025-06-24,0.0
EVT000966,L00340,Lead,2025-06-04,0.0
EVT000967,L00340,MQL,2025-06-10,0.0
EVT000968,L00340,SQL,2025-06-27,0.0
EVT000969,L00340,Lost,2025-07-30,0.0
EVT000970,L00341,Lead,2025-05-02,0.0
EVT000971,L00341,MQL,2025-05-07,0.0
EVT000972,L00341,Lost,2025-05-25,0.0
EVT000973,L00342,Lead,2025-04-27,0.0
EVT000974,L00342,MQL,2025-05-04,0.0
EVT000975,L00342,SQL,2025-05-10,0.0
EVT000976,L00342,Lost,2025-06-02,0.0
EVT000977,L00343,Lead,2025-03-21,0.0
EVT000978,L00343,MQL,2025-03-30,0.0
EVT000979,L00343,SQL,2025-04-10,0.0
EVT000980,L00343,Lost,2025-05-11,0.0
EVT000981,L00344,Lead,2025-05-19,0.0
EVT000982,L00344,MQL,2025-05-27,0.0
EVT000983,L00344,SQL,2025-06-04,0.0
EVT000984,L00344,Lost,2025-06-26,0.0
EVT000985,L00345,Lead,2025-06-08,0.0
EVT000986,L00345,Lost,2025-06-15,0.0
EVT000987,L00346,Lead,2025-04-17,0.0
EVT000988,L00346,Lost,2025-04-27,0.0
EVT000989,L00347,Lead,2025-03-17,0.0
EVT000990,L00347,MQL,2025-03-20,0.0
EVT000991,L00347,Lost,2025-04-10,0.0
EVT000992,L00348,Lead,2025-03-19,0.0
EVT000993,L00348,Lost,2025-04-01,0.0
EVT000994,L00349,Lead,2025-01-27,0.0
EVT000995,L00349,Lost,2025-02-08,0.0
EVT000996,L00350,Lead,2025-04-05,0.0
EVT000997,L00350,MQL,2025-04-16,0.0
EVT000998,L00350,SQL,2025-05-07,0.0
EVT000999,L00350,Lost,2025-05-22,0.0
EVT001000,L00351,Lead,2025-02-19,0.0
EVT001001,L00351,MQL,2025-02-26,0.0
EVT001002,L00351,SQL,2025-03-12,0.0
EVT001003,L00351,Customer,2025-04-06,23682.49
EVT001004,L00352,Lead,2025-02-07,0.0
EVT001005,L00352,MQL,2025-02-16,0.0
EVT001006,L00352,Lost,2025-02-25,0.0
EVT001007,L00353,Lead,2025-05-19,0.0
EVT001008,L00353,Lost,2025-05-24,0.0
EVT001009,L00354,Lead,2025-02-11,0.0
EVT001010,L00354,Lost,2025-02-22,0.0
EVT001011,L00355,Lead,2025-06-01,0.0
EVT001012,L00355,MQL,2025-06-08,0.0
EVT001013,L00355,SQL,2025-06-23,0.0
EVT001014,L00355,Lost,2025-07-22,0.0
EVT001015,L00356,Lead,2025-02-26,0.0
EVT001016,L00356,MQL,2025-03-02,0.0
EVT001017,L00356,Lost,2025-03-14,0.0
EVT001018,L00357,Lead,2025-01-16,0.0
EVT001019,L00357,MQL,2025-01-19,0.0
EVT001020,L00357,SQL,2025-01-24,0.0
EVT001021,L00357,Lost,2025-02-10,0.0
EVT001022,L00358,Lead,2025-04-25,0.0
EVT001023,L00358,MQL,2025-05-04,0.0
EVT001024,L00358,SQL,2025-05-17,0.0
EVT001025,L00358,Lost,2025-06-16,0.0
EVT001026,L00359,Lead,2025-06-17,0.0
EVT001027,L00359,MQL,2025-06-29,0.0
EVT001028,L00359,SQL,2025-07-13,0.0
EVT001029,L00359,Lost,2025-07-29,0.0
EVT001030,L00360,Lead,2025-04-04,0.0
EVT001031,L00360,Lost,2025-04-22,0.0
EVT001032,L00361,Lead,2025-06-04,0.0
EVT001033,L00361,Lost,2025-06-17,0.0
EVT001034,L00362,Lead,2025-06-28,0.0
EVT001035,L00362,Lost,2025-07-05,0.0
EVT001036,L00363,Lead,2025-03-01,0.0
EVT001037,L00363,MQL,2025-03-02,0.0
EVT001038,L00363,Lost,2025-03-19,0.0
EVT001039,L00364,Lead,2025-06-02,0.0
EVT001040,L00364,Lost,2025-06-20,0.0
EVT001041,L00365,Lead,2025-03-13,0.0
EVT001042,L00365,MQL,2025-03-14,0.0
EVT001043,L00365,SQL,2025-03-30,0.0
EVT001044,L00365,Lost,2025-04-28,0.0
EVT001045,L00366,Lead,2025-06-28,0.0
EVT001046,L00366,MQL,2025-07-03,0.0
EVT001047,L00366,Lost,2025-07-16,0.0
EVT001048,L00367,Lead,2025-05-17,0.0
EVT001049,L00367,MQL,2025-05-31,0.0
EVT001050,L00367,Lost,2025-06-25,0.0
EVT001051,L00368,Lead,2025-03-06,0.0
EVT001052,L00368,MQL,2025-03-09,0.0
EVT001053,L00368,Lost,2025-04-01,0.0
EVT001054,L00369,Lead,2025-04-26,0.0
EVT001055,L00369,Lost,2025-05-15,0.0
EVT001056,L00370,Lead,2025-06-27,0.0
EVT001057,L00370,MQL,2025-07-01,0.0
EVT001058,L00370,Lost,2025-07-19,0.0
EVT001059,L00371,Lead,2025-02-12,0.0
EVT001060,L00371,MQL,2025-02-23,0.0
EVT001061,L00371,SQL,2025-03-13,0.0
EVT001062,L00371,Lost,2025-03-25,0.0
EVT001063,L00372,Lead,2025-06-10,0.0
EVT001064,L00372,Lost,2025-06-22,0.0
EVT001065,L00373,Lead,2025-04-15,0.0
EVT001066,L00373,MQL,2025-04-16,0.0
EVT001067,L00373,SQL,2025-04-22,0.0
EVT001068,L00373,Lost,2025-05-27,0.0
EVT001069,L00374,Lead,2025-01-27,0.0
EVT001070,L00374,MQL,2025-02-06,0.0
EVT001071,L00374,Lost,2025-02-21,0.0
EVT001072,L00375,Lead,2025-03-25,0.0
EVT001073,L00375,MQL,2025-03-29,0.0
EVT001074,L00375,Lost,2025-04-10,0.0
EVT001075,L00376,Lead,2025-02-10,0.0
EVT001076,L00376,Lost,2025-02-17,0.0
EVT001077,L00377,Lead,2025-05-28,0.0
EVT001078,L00377,MQL,2025-05-31,0.0
EVT001079,L00377,SQL,2025-06-14,0.0
EVT001080,L00377,Lost,2025-06-26,0.0
EVT001081,L00378,Lead,2025-03-03,0.0
EVT001082,L00378,MQL,2025-03-09,0.0
EVT001083,L00378,SQL,2025-03-18,0.0
EVT001084,L00378,Lost,2025-04-17,0.0
EVT001085,L00379,Lead,2025-06-18,0.0
EVT001086,L00379,MQL,2025-06-22,0.0
EVT001087,L00379,SQL,2025-06-28,0.0
EVT001088,L00379,Customer,2025-07-20,17116.98
EVT001089,L00380,Lead,2025-06-01,0.0
EVT001090,L00380,Lost,2025-06-08,0.0
EVT001091,L00381,Lead,2025-06-29,0.0
EVT001092,L00381,MQL,2025-07-02,0.0
EVT001093,L00381,SQL,2025-07-23,0.0
EVT001094,L00381,Lost,2025-08-01,0.0
EVT001095,L00382,Lead,2025-05-11,0.0
EVT001096,L00382,MQL,2025-05-20,0.0
EVT001097,L00382,SQL,2025-05-26,0.0
EVT001098,L00382,Customer,2025-06-09,5085.97
EVT001099,L00383,Lead,2025-04-14,0.0
EVT001100,L00383,Lost,2025-04-25,0.0
EVT001101,L00384,Lead,2025-03-03,0.0
EVT001102,L00384,MQL,2025-03-06,0.0
EVT001103,L00384,SQL,2025-03-10,0.0
EVT001104,L00384,Lost,2025-03-23,0.0
EVT001105,L00385,Lead,2025-02-03,0.0
EVT001106,L00385,MQL,2025-02-09,0.0
EVT001107,L00385,Lost,2025-02-12,0.0
EVT001108,L00386,Lead,2025-05-23,0.0
EVT001109,L00386,MQL,2025-05-28,0.0
EVT001110,L00386,SQL,2025-06-03,0.0
EVT001111,L00386,Lost,2025-06-30,0.0
EVT001112,L00387,Lead,2025-06-09,0.0
EVT001113,L00387,MQL,2025-06-12,0.0
EVT001114,L00387,Lost,2025-06-20,0.0
EVT001115,L00388,Lead,2025-02-01,0.0
EVT001116,L00388,Lost,2025-02-09,0.0
EVT001117,L00389,Lead,2025-05-27,0.0
EVT001118,L00389,Lost,2025-06-04,0.0
EVT001119,L00390,Lead,2025-06-30,0.0
EVT001120,L00390,MQL,2025-07-09,0.0
EVT001121,L00390,Lost,2025-07-18,0.0
EVT001122,L00391,Lead,2025-06-12,0.0
EVT001123,L00391,MQL,2025-06-26,0.0
EVT001124,L00391,Lost,2025-07-08,0.0
EVT001125,L00392,Lead,2025-02-24,0.0
EVT001126,L00392,Lost,2025-02-28,0.0
EVT001127,L00393,Lead,2025-06-28,0.0
EVT001128,L00393,Lost,2025-07-16,0.0
EVT001129,L00394,Lead,2025-01-05,0.0
EVT001130,L00394,Lost,2025-01-17,0.0
EVT001131,L00395,Lead,2025-05-15,0.0
EVT001132,L00395,MQL,2025-05-29,0.0
EVT001133,L00395,SQL,2025-06-07,0.0
EVT001134,L00395,Lost,2025-06-14,0.0
EVT001135,L00396,Lead,2025-06-22,0.0
EVT001136,L00396,Lost,2025-06-26,0.0
EVT001137,L00397,Lead,2025-06-21,0.0
EVT001138,L00397,MQL,2025-06-22,0.0
EVT001139,L00397,Lost,2025-07-04,0.0
EVT001140,L00398,Lead,2025-06-06,0.0
EVT001141,L00398,Lost,2025-06-22,0.0
EVT001142,L00399,Lead,2025-03-22,0.0
EVT001143,L00399,MQL,2025-03-31,0.0
EVT001144,L00399,SQL,2025-04-06,0.0
EVT001145,L00399,Lost,2025-05-01,0.0
EVT001146,L00400,Lead,2025-06-21,0.0
EVT001147,L00400,Lost,2025-07-09,0.0
EVT001148,L00401,Lead,2025-05-02,0.0
EVT001149,L00401,MQL,2025-05-16,0.0
EVT001150,L00401,SQL,2025-05-22,0.0
EVT001151,L00401,Lost,2025-06-05,0.0
EVT001152,L00402,Lead,2025-03-24,0.0
EVT001153,L00402,MQL,2025-04-06,0.0
EVT001154,L00402,Lost,2025-04-19,0.0
EVT001155,L00403,Lead,2025-04-09,0.0
EVT001156,L00403,MQL,2025-04-23,0.0
EVT001157,L00403,SQL,2025-05-11,0.0
EVT001158,L00403,Lost,2025-05-22,0.0
EVT001159,L00404,Lead,2025-02-09,0.0
EVT001160,L00404,MQL,2025-02-18,0.0
EVT001161,L00404,SQL,2025-03-08,0.0
EVT001162,L00404,Lost,2025-03-15,0.0
EVT001163,L00405,Lead,2025-03-03,0.0
EVT001164,L00405,MQL,2025-03-10,0.0
EVT001165,L00405,SQL,2025-03-27,0.0
EVT001166,L00405,Lost,2025-04-21,0.0
EVT001167,L00406,Lead,2025-01-26,0.0
EVT001168,L00406,MQL,2025-02-02,0.0
EVT001169,L00406,SQL,2025-02-20,0.0
EVT001170,L00406,Customer,2025-02-26,19923.3
EVT001171,L00407,Lead,2025-05-25,0.0
EVT001172,L00407,MQL,2025-06-05,0.0
EVT001173,L00407,Lost,2025-06-28,0.0
EVT001174,L00408,Lead,2025-01-11,0.0
EVT001175,L00408,MQL,2025-01-15,0.0
EVT001176,L00408,SQL,2025-02-01,0.0
EVT001177,L00408,Lost,2025-02-07,0.0
EVT001178,L00409,Lead,2025-06-30,0.0
EVT001179,L00409,MQL,2025-07-08,0.0
EVT001180,L00409,Lost,2025-07-28,0.0
EVT001181,L00410,Lead,2025-01-16,0.0
EVT001182,L00410,MQL,2025-01-28,0.0
EVT001183,L00410,Lost,2025-02-20,0.0
EVT001184,L00411,Lead,2025-02-01,0.0
EVT001185,L00411,Lost,2025-02-19,0.0
EVT001186,L00412,Lead,2025-06-16,0.0
EVT001187,L00412,Lost,2025-07-03,0.0
EVT001188,L00413,Lead,2025-01-02,0.0
EVT001189,L00413,MQL,2025-01-03,0.0
EVT001190,L00413,Lost,2025-01-17,0.0
EVT001191,L00414,Lead,2025-06-01,0.0
EVT001192,L00414,Lost,2025-06-20,0.0
EVT001193,L00415,Lead,2025-03-09,0.0
EVT001194,L00415,Lost,2025-03-13,0.0
EVT001195,L00416,Lead,2025-06-08,0.0
EVT001196,L00416,MQL,2025-06-11,0.0
EVT001197,L00416,Lost,2025-07-06,0.0
EVT001198,L00417,Lead,2025-02-13,0.0
EVT001199,L00417,Lost,2025-02-24,0.0
EVT001200,L00418,Lead,2025-05-09,0.0
EVT001201,L00418,Lost,2025-05-18,0.0
EVT001202,L00419,Lead,2025-03-24,0.0
EVT001203,L00419,MQL,2025-03-28,0.0
EVT001204,L00419,SQL,2025-04-17,0.0
EVT001205,L00419,Lost,2025-05-06,0.0
EVT001206,L00420,Lead,2025-04-30,0.0
EVT001207,L00420,MQL,2025-05-10,0.0
EVT001208,L00420,SQL,2025-05-27,0.0
EVT001209,L00420,Lost,2025-06-11,0.0
EVT001210,L00421,Lead,2025-06-19,0.0
EVT001211,L00421,MQL,2025-06-28,0.0
EVT001212,L00421,SQL,2025-07-08,0.0
EVT001213,L00421,Lost,2025-08-08,0.0
EVT001214,L00422,Lead,2025-06-04,0.0
EVT001215,L00422,MQL,2025-06-10,0.0
EVT001216,L00422,Lost,2025-07-03,0.0
EVT001217,L00423,Lead,2025-06-26,0.0
EVT001218,L00423,Lost,2025-07-07,0.0
EVT001219,L00424,Lead,2025-01-24,0.0
EVT001220,L00424,MQL,2025-01-31,0.0
EVT001221,L00424,Lost,2025-02-23,0.0
EVT001222,L00425,Lead,2025-01-17,0.0
EVT001223,L00425,MQL,2025-01-21,0.0
EVT001224,L00425,Lost,2025-02-08,0.0
EVT001225,L00426,Lead,2025-06-06,0.0
EVT001226,L00426,MQL,2025-06-15,0.0
EVT001227,L00426,Lost,2025-07-06,0.0
EVT001228,L00427,Lead,2025-04-18,0.0
EVT001229,L00427,MQL,2025-05-01,0.0
EVT001230,L00427,Lost,2025-05-20,0.0
EVT001231,L00428,Lead,2025-06-08,0.0
EVT001232,L00428,MQL,2025-06-12,0.0
EVT001233,L00428,SQL,2025-07-03,0.0
EVT001234,L00428,Customer,2025-07-24,13192.88
EVT001235,L00429,Lead,2025-03-13,0.0
EVT001236,L00429,Lost,2025-03-23,0.0
EVT001237,L00430,Lead,2025-02-09,0.0
EVT001238,L00430,Lost,2025-02-12,0.0
EVT001239,L00431,Lead,2025-02-03,0.0
EVT001240,L00431,MQL,2025-02-07,0.0
EVT001241,L00431,Lost,2025-02-10,0.0
EVT001242,L00432,Lead,2025-01-05,0.0
EVT001243,L00432,Lost,2025-01-10,0.0
EVT001244,L00433,Lead,2025-05-23,0.0
EVT001245,L00433,MQL,2025-06-05,0.0
EVT001246,L00433,SQL,2025-06-18,0.0
EVT001247,L00433,Lost,2025-06-23,0.0
EVT001248,L00434,Lead,2025-05-11,0.0
EVT001249,L00434,MQL,2025-05-22,0.0
EVT001250,L00434,SQL,2025-05-30,0.0
EVT001251,L00434,Lost,2025-07-03,0.0
EVT001252,L00435,Lead,2025-01-13,0.0
EVT001253,L00435,MQL,2025-01-16,0.0
EVT001254,L00435,SQL,2025-02-01,0.0
EVT001255,L00435,Customer,2025-03-09,10056.6
EVT001256,L00436,Lead,2025-03-21,0.0
EVT001257,L00436,MQL,2025-04-01,0.0
EVT001258,L00436,SQL,2025-04-08,0.0
EVT001259,L00436,Lost,2025-05-03,0.0
EVT001260,L00437,Lead,2025-04-04,0.0
EVT001261,L00437,MQL,2025-04-12,0.0
EVT001262,L00437,SQL,2025-04-22,0.0
EVT001263,L00437,Lost,2025-05-14,0.0
EVT001264,L00438,Lead,2025-02-12,0.0
EVT001265,L00438,MQL,2025-02-13,0.0
EVT001266,L00438,SQL,2025-03-01,0.0
EVT001267,L00438,Customer,2025-04-06,17566.66
EVT001268,L00439,Lead,2025-04-11,0.0
EVT001269,L00439,MQL,2025-04-14,0.0
EVT001270,L00439,SQL,2025-04-17,0.0
EVT001271,L00439,Lost,2025-04-29,0.0
EVT001272,L00440,Lead,2025-02-09,0.0
EVT001273,L00440,Lost,2025-02-18,0.0
EVT001274,L00441,Lead,2025-01-23,0.0
EVT001275,L00441,Lost,2025-02-08,0.0
EVT001276,L00442,Lead,2025-05-13,0.0
EVT001277,L00442,Lost,2025-05-27,0.0
EVT001278,L00443,Lead,2025-04-09,0.0
EVT001279,L00443,Lost,2025-04-26,0.0
EVT001280,L00444,Lead,2025-02-15,0.0
EVT001281,L00444,Lost,2025-02-25,0.0
EVT001282,L00445,Lead,2025-04-23,0.0
EVT001283,L00445,MQL,2025-04-24,0.0
EVT001284,L00445,Lost,2025-04-30,0.0
EVT001285,L00446,Lead,2025-05-19,0.0
EVT001286,L00446,MQL,2025-05-23,0.0
EVT001287,L00446,Lost,2025-06-10,0.0
EVT001288,L00447,Lead,2025-05-22,0.0
EVT001289,L00447,Lost,2025-06-05,0.0
EVT001290,L00448,Lead,2025-04-25,0.0
EVT001291,L00448,MQL,2025-04-27,0.0
EVT001292,L00448,SQL,2025-05-13,0.0
EVT001293,L00448,Customer,2025-05-27,2575.79
EVT001294,L00449,Lead,2025-04-07,0.0
EVT001295,L00449,MQL,2025-04-18,0.0
EVT001296,L00449,Lost,2025-04-24,0.0
EVT001297,L00450,Lead,2025-01-03,0.0
EVT001298,L00450,Lost,2025-01-11,0.0
EVT001299,L00451,Lead,2025-02-23,0.0
EVT001300,L00451,MQL,2025-03-03,0.0
EVT001301,L00451,SQL,2025-03-20,0.0
EVT001302,L00451,Lost,2025-04-08,0.0
EVT001303,L00452,Lead,2025-02-18,0.0
EVT001304,L00452,MQL,2025-03-04,0.0
EVT001305,L00452,Lost,2025-03-13,0.0
EVT001306,L00453,Lead,2025-06-07,0.0
EVT001307,L00453,MQL,2025-06-18,0.0
EVT001308,L00453,SQL,2025-07-09,0.0
EVT001309,L00453,Lost,2025-07-25,0.0
EVT001310,L00454,Lead,2025-06-11,0.0
EVT001311,L00454,Lost,2025-06-22,0.0
EVT001312,L00455,Lead,2025-01-23,0.0
EVT001313,L00455,Lost,2025-01-27,0.0
EVT001314,L00456,Lead,2025-06-24,0.0
EVT001315,L00456,Lost,2025-06-28,0.0
EVT001316,L00457,Lead,2025-01-09,0.0
EVT001317,L00457,MQL,2025-01-15,0.0
EVT001318,L00457,SQL,2025-02-01,0.0
EVT001319,L00457,Customer,2025-03-10,10491.86
EVT001320,L00458,Lead,2025-01-14,0.0
EVT001321,L00458,Lost,2025-01-18,0.0
EVT001322,L00459,Lead,2025-03-23,0.0
EVT001323,L00459,MQL,2025-03-24,0.0
EVT001324,L00459,SQL,2025-04-03,0.0
EVT001325,L00459,Customer,2025-05-06,6221.4
EVT001326,L00460,Lead,2025-05-23,0.0
EVT001327,L00460,MQL,2025-06-06,0.0
EVT001328,L00460,SQL,2025-06-18,0.0
EVT001329,L00460,Lost,2025-07-01,0.0
EVT001330,L00461,Lead,2025-06-15,0.0
EVT001331,L00461,MQL,2025-06-17,0.0
EVT001332,L00461,SQL,2025-06-25,0.0
EVT001333,L00461,Lost,2025-07-30,0.0
EVT001334,L00462,Lead,2025-02-25,0.0
EVT001335,L00462,MQL,2025-03-04,0.0
EVT001336,L00462,Lost,2025-03-24,0.0
EVT001337,L00463,Lead,2025-02-09,0.0
EVT001338,L00463,MQL,2025-02-17,0.0
EVT001339,L00463,Lost,2025-03-03,0.0
EVT001340,L00464,Lead,2025-06-19,0.0
EVT001341,L00464,Lost,2025-07-03,0.0
EVT001342,L00465,Lead,2025-04-20,0.0
EVT001343,L00465,Lost,2025-04-26,0.0
EVT001344,L00466,Lead,2025-01-28,0.0
EVT001345,L00466,Lost,2025-02-13,0.0
EVT001346,L00467,Lead,2025-01-21,0.0
EVT001347,L00467,MQL,2025-02-04,0.0
EVT001348,L00467,Lost,2025-02-23,0.0
EVT001349,L00468,Lead,2025-01-13,0.0
EVT001350,L00468,MQL,2025-01-16,0.0
EVT001351,L00468,SQL,2025-02-02,0.0
EVT001352,L00468,Customer,2025-03-03,7390.72
EVT001353,L00469,Lead,2025-04-28,0.0
EVT001354,L00469,MQL,2025-04-29,0.0
EVT001355,L00469,Lost,2025-05-06,0.0
EVT001356,L00470,Lead,2025-03-07,0.0
EVT001357,L00470,MQL,2025-03-15,0.0
EVT001358,L00470,Lost,2025-04-03,0.0
EVT001359,L00471,Lead,2025-04-20,0.0
EVT001360,L00471,MQL,2025-04-27,0.0
EVT001361,L00471,SQL,2025-05-14,0.0
EVT001362,L00471,Lost,2025-06-03,0.0
EVT001363,L00472,Lead,2025-05-05,0.0
EVT001364,L00472,MQL,2025-05-11,0.0
EVT001365,L00472,Lost,2025-05-15,0.0
EVT001366,L00473,Lead,2025-04-13,0.0
EVT001367,L00473,MQL,2025-04-20,0.0
EVT001368,L00473,Lost,2025-05-10,0.0
EVT001369,L00474,Lead,2025-05-04,0.0
EVT001370,L00474,Lost,2025-05-10,0.0
EVT001371,L00475,Lead,2025-03-10,0.0
EVT001372,L00475,Lost,2025-03-19,0.0
EVT001373,L00476,Lead,2025-05-29,0.0
EVT001374,L00476,Lost,2025-06-08,0.0
EVT001375,L00477,Lead,2025-01-24,0.0
EVT001376,L00477,MQL,2025-01-31,0.0
EVT001377,L00477,Lost,2025-02-17,0.0
EVT001378,L00478,Lead,2025-03-30,0.0
EVT001379,L00478,MQL,2025-04-10,0.0
EVT001380,L00478,SQL,2025-04-29,0.0
EVT001381,L00478,Customer,2025-05-25,17182.4
EVT001382,L00479,Lead,2025-02-04,0.0
EVT001383,L00479,MQL,2025-02-13,0.0
EVT001384,L00479,Lost,2025-02-20,0.0
EVT001385,L00480,Lead,2025-01-23,0.0
EVT001386,L00480,MQL,2025-02-05,0.0
EVT001387,L00480,Lost,2025-02-20,0.0
EVT001388,L00481,Lead,2025-03-16,0.0
EVT001389,L00481,MQL,2025-03-28,0.0
EVT001390,L00481,SQL,2025-04-11,0.0
EVT001391,L00481,Customer,2025-04-25,10726.6
EVT001392,L00482,Lead,2025-06-05,0.0
EVT001393,L00482,Lost,2025-06-25,0.0
EVT001394,L00483,Lead,2025-02-23,0.0
EVT001395,L00483,MQL,2025-02-26,0.0
EVT001396,L00483,Lost,2025-03-11,0.0
EVT001397,L00484,Lead,2025-02-25,0.0
EVT001398,L00484,MQL,2025-03-05,0.0
EVT001399,L00484,SQL,2025-03-15,0.0
EVT001400,L00484,Lost,2025-04-10,0.0
EVT001401,L00485,Lead,2025-01-19,0.0
EVT001402,L00485,Lost,2025-01-25,0.0
EVT001403,L00486,Lead,2025-05-28,0.0
EVT001404,L00486,Lost,2025-06-11,0.0
EVT001405,L00487,Lead,2025-04-14,0.0
EVT001406,L00487,Lost,2025-04-24,0.0
EVT001407,L00488,Lead,2025-06-08,0.0
EVT001408,L00488,MQL,2025-06-14,0.0
EVT001409,L00488,SQL,2025-06-27,0.0
EVT001410,L00488,Lost,2025-07-04,0.0
EVT001411,L00489,Lead,2025-01-04,0.0
EVT001412,L00489,Lost,2025-01-19,0.0
EVT001413,L00490,Lead,2025-04-02,0.0
EVT001414,L00490,Lost,2025-04-05,0.0
EVT001415,L00491,Lead,2025-01-16,0.0
EVT001416,L00491,MQL,2025-01-24,0.0
EVT001417,L00491,SQL,2025-01-29,0.0
EVT001418,L00491,Customer,2025-03-05,12766.0
EVT001419,L00492,Lead,2025-05-26,0.0
EVT001420,L00492,Lost,2025-06-08,0.0
EVT001421,L00493,Lead,2025-02-27,0.0
EVT001422,L00493,MQL,2025-03-02,0.0
EVT001423,L00493,SQL,2025-03-17,0.0
EVT001424,L00493,Customer,2025-03-30,10915.94
EVT001425,L00494,Lead,2025-01-29,0.0
EVT001426,L00494,MQL,2025-02-11,0.0
EVT001427,L00494,SQL,2025-02-17,0.0
EVT001428,L00494,Customer,2025-03-06,17561.99
EVT001429,L00495,Lead,2025-04-02,0.0
EVT001430,L00495,MQL,2025-04-11,0.0
EVT001431,L00495,SQL,2025-04-27,0.0
EVT001432,L00495,Customer,2025-05-15,5936.04
EVT001433,L00496,Lead,2025-04-04,0.0
EVT001434,L00496,MQL,2025-04-11,0.0
EVT001435,L00496,Lost,2025-04-26,0.0
EVT001436,L00497,Lead,2025-06-18,0.0
EVT001437,L00497,MQL,2025-06-23,0.0
EVT001438,L00497,Lost,2025-07-05,0.0
EVT001439,L00498,Lead,2025-04-11,0.0
EVT001440,L00498,Lost,2025-04-29,0.0
EVT001441,L00499,Lead,2025-02-25,0.0
EVT001442,L00499,MQL,2025-02-27,0.0
EVT001443,L00499,Lost,2025-03-23,0.0
EVT001444,L00500,Lead,2025-03-11,0.0
EVT001445,L00500,Lost,2025-03-16,0.0
